filename,checksum,filesize,id,download_link
data/processed/20200804_PM784_A1/tiffs/20200804_PM784_A1-01_full.csv,5e46f30208cf2147106874b37ce5c4e1,730,86df4627-ec31-4251-be1b-45b394a2f5c7,https://zenodo.org/api/files/aa463788-ab41-4816-9818-8d526ac43ebe/processed/20200804_PM784_A1/tiffs/20200804_PM784_A1-01_full.csv
data/processed/20200804_PM784_A1/tiffs/20200804_PM784_A1-01_full_mask.tiff,f56d6c04dc66bb22ec980f765ac2b42a,1152251,90843b91-1429-4d62-96d4-e5c59f1e5169,https://zenodo.org/api/files/aa463788-ab41-4816-9818-8d526ac43ebe/processed/20200804_PM784_A1/tiffs/20200804_PM784_A1-01_full_mask.tiff
data/processed/20200804_PM784_A1/tiffs/20200804_PM784_A1-01_full.tiff,92f5a0f531473768c275c9a6aa786fab,99076048,9afcfb1d-ecd0-4f3a-bb49-f80ae01c8739,https://zenodo.org/api/files/aa463788-ab41-4816-9818-8d526ac43ebe/processed/20200804_PM784_A1/tiffs/20200804_PM784_A1-01_full.tiff
data/processed/20200804_PM784_A1/tiffs/20200804_PM784_A1-03_full.csv,5e46f30208cf2147106874b37ce5c4e1,730,6ef5d09f-00d7-46cc-bdc0-3fc2a7c99868,https://zenodo.org/api/files/aa463788-ab41-4816-9818-8d526ac43ebe/processed/20200804_PM784_A1/tiffs/20200804_PM784_A1-03_full.csv
data/processed/20200804_PM784_A1/tiffs/20200804_PM784_A1-03_full_mask.tiff,c18d5258f78e1e82fb6e5ae44eba194a,928078,d65012ee-0e4b-4c4a-ae95-ffb34d1a40ae,https://zenodo.org/api/files/aa463788-ab41-4816-9818-8d526ac43ebe/processed/20200804_PM784_A1/tiffs/20200804_PM784_A1-03_full_mask.tiff
data/processed/20200804_PM784_A1/tiffs/20200804_PM784_A1-03_full.tiff,20d480b46deb3b4230a26572326b0d32,79797256,388f5309-d366-4158-ac39-016212060ce1,https://zenodo.org/api/files/aa463788-ab41-4816-9818-8d526ac43ebe/processed/20200804_PM784_A1/tiffs/20200804_PM784_A1-03_full.tiff
data/processed/20200804_PM784_A1/tiffs/20200804_PM784_A1-04_full.csv,5e46f30208cf2147106874b37ce5c4e1,730,696bd370-7dc1-4591-93ac-6b06c837670c,https://zenodo.org/api/files/aa463788-ab41-4816-9818-8d526ac43ebe/processed/20200804_PM784_A1/tiffs/20200804_PM784_A1-04_full.csv
data/processed/20200804_PM784_A1/tiffs/20200804_PM784_A1-04_full_mask.tiff,763b3e198b88bb89f993c9b6ea84d707,868812,89ff69f6-1b72-4e11-8fb2-068d513da7db,https://zenodo.org/api/files/aa463788-ab41-4816-9818-8d526ac43ebe/processed/20200804_PM784_A1/tiffs/20200804_PM784_A1-04_full_mask.tiff
data/processed/20200804_PM784_A1/tiffs/20200804_PM784_A1-04_full.tiff,5c0145ecc2bbe54e45dbaabc04c904c0,74700380,3de14f22-5a69-4c45-87c2-add488c4b7bd,https://zenodo.org/api/files/aa463788-ab41-4816-9818-8d526ac43ebe/processed/20200804_PM784_A1/tiffs/20200804_PM784_A1-04_full.tiff
data/processed/20200804_PM784_A1/tiffs/20200804_PM784_A1-05_full.csv,5e46f30208cf2147106874b37ce5c4e1,730,738c5d23-5c50-4f37-b7c6-15b8a6bc767c,https://zenodo.org/api/files/aa463788-ab41-4816-9818-8d526ac43ebe/processed/20200804_PM784_A1/tiffs/20200804_PM784_A1-05_full.csv
data/processed/20200804_PM784_A1/tiffs/20200804_PM784_A1-05_full_mask.tiff,639db334889f2ea1761fba490022a34d,223288,39374bc1-9576-4f65-913a-0ec1b93d29c2,https://zenodo.org/api/files/aa463788-ab41-4816-9818-8d526ac43ebe/processed/20200804_PM784_A1/tiffs/20200804_PM784_A1-05_full_mask.tiff
data/processed/20200804_PM784_A1/tiffs/20200804_PM784_A1-05_full.tiff,3321b12606e7050c826a6d678a2a82f2,19185316,100f11f5-3919-420d-9713-495a8d96c3b1,https://zenodo.org/api/files/aa463788-ab41-4816-9818-8d526ac43ebe/processed/20200804_PM784_A1/tiffs/20200804_PM784_A1-05_full.tiff
data/processed/20200804_PM784_A1/tiffs/20200804_PM784_A1-06_full.csv,5e46f30208cf2147106874b37ce5c4e1,730,9e40287d-6880-4673-b8df-e83dc82c08f0,https://zenodo.org/api/files/aa463788-ab41-4816-9818-8d526ac43ebe/processed/20200804_PM784_A1/tiffs/20200804_PM784_A1-06_full.csv
data/processed/20200804_PM784_A1/tiffs/20200804_PM784_A1-06_full_mask.tiff,3c1b32656fc0d712e622ec28fd398702,301408,4355d506-9681-48c4-b6cf-0e74017bec4b,https://zenodo.org/api/files/aa463788-ab41-4816-9818-8d526ac43ebe/processed/20200804_PM784_A1/tiffs/20200804_PM784_A1-06_full_mask.tiff
data/processed/20200804_PM784_A1/tiffs/20200804_PM784_A1-06_full.tiff,8e25fc8fd210197adad9b34ac3fd0fa5,25903636,234faed6-69a6-453c-9146-9d782a75c7d3,https://zenodo.org/api/files/aa463788-ab41-4816-9818-8d526ac43ebe/processed/20200804_PM784_A1/tiffs/20200804_PM784_A1-06_full.tiff
data/processed/20200914_PM1123_A12/tiffs/20200914_PM1123_A12-01_full.csv,5e46f30208cf2147106874b37ce5c4e1,730,b63389e7-3216-4c56-af61-978b61022773,https://zenodo.org/api/files/aa463788-ab41-4816-9818-8d526ac43ebe/processed/20200914_PM1123_A12/tiffs/20200914_PM1123_A12-01_full.csv
data/processed/20200914_PM1123_A12/tiffs/20200914_PM1123_A12-01_full_mask.tiff,7d3f023e07dbe65f9d7c442f3ae8d7bc,2880270,22f66bcb-a2a7-41ae-bcfa-538dccfb37cc,https://zenodo.org/api/files/aa463788-ab41-4816-9818-8d526ac43ebe/processed/20200914_PM1123_A12/tiffs/20200914_PM1123_A12-01_full_mask.tiff
data/processed/20200914_PM1123_A12/tiffs/20200914_PM1123_A12-01_full.tiff,83d35b28155b1698bdcdbe9d8be6ac8f,247685596,c2cc3a2d-ca9a-4eb6-b6d2-2510ce3eb39d,https://zenodo.org/api/files/aa463788-ab41-4816-9818-8d526ac43ebe/processed/20200914_PM1123_A12/tiffs/20200914_PM1123_A12-01_full.tiff
data/processed/20200914_PM1123_A12/tiffs/20200914_PM1123_A12-02_full.csv,5e46f30208cf2147106874b37ce5c4e1,730,4628dac2-3abe-4845-9762-d617d9c5dd8f,https://zenodo.org/api/files/aa463788-ab41-4816-9818-8d526ac43ebe/processed/20200914_PM1123_A12/tiffs/20200914_PM1123_A12-02_full.csv
data/processed/20200914_PM1123_A12/tiffs/20200914_PM1123_A12-02_full_mask.tiff,c5c65b0a9ed2469fce89d944b908c069,2880270,d05fc754-d26c-4fa9-8f08-363649294b4f,https://zenodo.org/api/files/aa463788-ab41-4816-9818-8d526ac43ebe/processed/20200914_PM1123_A12/tiffs/20200914_PM1123_A12-02_full_mask.tiff
data/processed/20200914_PM1123_A12/tiffs/20200914_PM1123_A12-02_full.tiff,638749093d44cb2accac31e1307003a8,247685596,95b4aab8-da4b-4128-968c-56b0bdd8d9d4,https://zenodo.org/api/files/aa463788-ab41-4816-9818-8d526ac43ebe/processed/20200914_PM1123_A12/tiffs/20200914_PM1123_A12-02_full.tiff
data/processed/20200914_PM1123_A12/tiffs/20200914_PM1123_A12-03_full.csv,5e46f30208cf2147106874b37ce5c4e1,730,42fa5783-0536-4777-9064-0892ef126ae3,https://zenodo.org/api/files/aa463788-ab41-4816-9818-8d526ac43ebe/processed/20200914_PM1123_A12/tiffs/20200914_PM1123_A12-03_full.csv
data/processed/20200914_PM1123_A12/tiffs/20200914_PM1123_A12-03_full_mask.tiff,22e8af9a16dc335e20d43531c6f69ddd,1620268,d010304b-5620-4b69-a95b-038eb9a1891c,https://zenodo.org/api/files/aa463788-ab41-4816-9818-8d526ac43ebe/processed/20200914_PM1123_A12/tiffs/20200914_PM1123_A12-03_full_mask.tiff
data/processed/20200914_PM1123_A12/tiffs/20200914_PM1123_A12-03_full.tiff,39533749dbb68c56fdae92c26bc984f3,139325596,c5bf71b4-f680-4c4b-bf5c-40a4aba75390,https://zenodo.org/api/files/aa463788-ab41-4816-9818-8d526ac43ebe/processed/20200914_PM1123_A12/tiffs/20200914_PM1123_A12-03_full.tiff
data/processed/20200914_PM1123_A16/tiffs/20200914_PM1123_A16-01_full.csv,5e46f30208cf2147106874b37ce5c4e1,730,791b81d6-5caf-4d09-a4dc-38663ab37aca,https://zenodo.org/api/files/aa463788-ab41-4816-9818-8d526ac43ebe/processed/20200914_PM1123_A16/tiffs/20200914_PM1123_A16-01_full.csv
data/processed/20200914_PM1123_A16/tiffs/20200914_PM1123_A16-01_full_mask.tiff,d52e80e5a689b5b9359db48279bc8c52,6429026,cd10bf97-3800-422e-868d-621398568f0e,https://zenodo.org/api/files/aa463788-ab41-4816-9818-8d526ac43ebe/processed/20200914_PM1123_A16/tiffs/20200914_PM1123_A16-01_full_mask.tiff
data/processed/20200914_PM1123_A16/tiffs/20200914_PM1123_A16-01_full.tiff,a2c23628431371ab24fdc80452936dee,552878612,87dd9387-cf44-4bb2-b8c5-f48ae716be96,https://zenodo.org/api/files/aa463788-ab41-4816-9818-8d526ac43ebe/processed/20200914_PM1123_A16/tiffs/20200914_PM1123_A16-01_full.tiff
data/processed/20200914_PM1123_A16/tiffs/20200914_PM1123_A16-02_full.csv,5e46f30208cf2147106874b37ce5c4e1,730,e85295df-84d2-4843-8c14-dbe02e21bd7b,https://zenodo.org/api/files/aa463788-ab41-4816-9818-8d526ac43ebe/processed/20200914_PM1123_A16/tiffs/20200914_PM1123_A16-02_full.csv
data/processed/20200914_PM1123_A16/tiffs/20200914_PM1123_A16-02_full_mask.tiff,242354a10878ac05a836d0515e3dfe2e,5287182,df3ed5ba-5aca-413d-9264-3d79ab293069,https://zenodo.org/api/files/aa463788-ab41-4816-9818-8d526ac43ebe/processed/20200914_PM1123_A16/tiffs/20200914_PM1123_A16-02_full_mask.tiff
data/processed/20200914_PM1123_A16/tiffs/20200914_PM1123_A16-02_full.tiff,c09a2e8107f85de3ee39da452bbc1612,454680028,698fac4e-0a66-4545-a39c-ad20713cfdef,https://zenodo.org/api/files/aa463788-ab41-4816-9818-8d526ac43ebe/processed/20200914_PM1123_A16/tiffs/20200914_PM1123_A16-02_full.tiff
data/processed/20200914_PM1123_A16/tiffs/20200914_PM1123_A16-03_full.csv,5e46f30208cf2147106874b37ce5c4e1,730,40946a55-8105-43d4-a7f6-1cb52e510c97,https://zenodo.org/api/files/aa463788-ab41-4816-9818-8d526ac43ebe/processed/20200914_PM1123_A16/tiffs/20200914_PM1123_A16-03_full.csv
data/processed/20200914_PM1123_A16/tiffs/20200914_PM1123_A16-03_full_mask.tiff,fa9bb51f073afcfd6774d0f42fd454b4,2818110,1e7da89c-ab95-41f3-82e7-b77103ca554a,https://zenodo.org/api/files/aa463788-ab41-4816-9818-8d526ac43ebe/processed/20200914_PM1123_A16/tiffs/20200914_PM1123_A16-03_full_mask.tiff
data/processed/20200914_PM1123_A16/tiffs/20200914_PM1123_A16-03_full.tiff,bdb93ee3260488db3b8552fcf617f229,242339836,8de5c058-38ea-47f2-99df-60a47004f4b2,https://zenodo.org/api/files/aa463788-ab41-4816-9818-8d526ac43ebe/processed/20200914_PM1123_A16/tiffs/20200914_PM1123_A16-03_full.tiff
data/processed/20200914_PM1123/tiffs/20200914_PM1123-01_full.csv,5e46f30208cf2147106874b37ce5c4e1,730,4b9f57cd-d791-411e-8fdc-c2c529d1859d,https://zenodo.org/api/files/aa463788-ab41-4816-9818-8d526ac43ebe/processed/20200914_PM1123/tiffs/20200914_PM1123-01_full.csv
data/processed/20200914_PM1123/tiffs/20200914_PM1123-01_full_mask.tiff,fe8fe3fe3cf3eb773b5c25daf907e611,5549070,9b788185-8b04-4a69-b444-ed22ff4b8d48,https://zenodo.org/api/files/aa463788-ab41-4816-9818-8d526ac43ebe/processed/20200914_PM1123/tiffs/20200914_PM1123-01_full_mask.tiff
data/processed/20200914_PM1123/tiffs/20200914_PM1123-01_full.tiff,483ed6620f8729c25473181f4b10245b,477202396,799a60f8-3f84-4f10-862f-9ad9f9fd1e07,https://zenodo.org/api/files/aa463788-ab41-4816-9818-8d526ac43ebe/processed/20200914_PM1123/tiffs/20200914_PM1123-01_full.tiff
data/processed/20200914_PM1123/tiffs/20200914_PM1123-02_full.csv,5e46f30208cf2147106874b37ce5c4e1,730,37de1220-1445-4785-ba27-5ceda2ad54d6,https://zenodo.org/api/files/aa463788-ab41-4816-9818-8d526ac43ebe/processed/20200914_PM1123/tiffs/20200914_PM1123-02_full.csv
data/processed/20200914_PM1123/tiffs/20200914_PM1123-02_full_mask.tiff,203c2c372930422cedfa74a998fbf270,5244270,1f9c4a8d-47ba-46d2-a4b9-b41cf0feab72,https://zenodo.org/api/files/aa463788-ab41-4816-9818-8d526ac43ebe/processed/20200914_PM1123/tiffs/20200914_PM1123-02_full_mask.tiff
data/processed/20200914_PM1123/tiffs/20200914_PM1123-02_full.tiff,26091f836c8ee0fd62efc5002768949f,450989596,db851586-5805-4eef-85e2-9e9599b1554d,https://zenodo.org/api/files/aa463788-ab41-4816-9818-8d526ac43ebe/processed/20200914_PM1123/tiffs/20200914_PM1123-02_full.tiff
data/processed/20200914_PM1123/tiffs/20200914_PM1123-03_full.csv,5e46f30208cf2147106874b37ce5c4e1,730,f1d33ff9-0e0d-4fad-9ceb-cc61ea7a856a,https://zenodo.org/api/files/aa463788-ab41-4816-9818-8d526ac43ebe/processed/20200914_PM1123/tiffs/20200914_PM1123-03_full.csv
data/processed/20200914_PM1123/tiffs/20200914_PM1123-03_full_mask.tiff,efb69bf6f4a7b5e38f6da5dc8ac02cae,5713770,6482c0a5-d814-4720-bd76-e0f8dfc66442,https://zenodo.org/api/files/aa463788-ab41-4816-9818-8d526ac43ebe/processed/20200914_PM1123/tiffs/20200914_PM1123-03_full_mask.tiff
data/processed/20200914_PM1123/tiffs/20200914_PM1123-03_full.tiff,a747a2b96ecf204038bc3c18deed36f9,491366596,b590e01a-c647-4901-a616-8c857f6eb8da,https://zenodo.org/api/files/aa463788-ab41-4816-9818-8d526ac43ebe/processed/20200914_PM1123/tiffs/20200914_PM1123-03_full.tiff
data/processed/20200914_PM1781_B7/tiffs/20200914_PM1781-01_full.csv,5e46f30208cf2147106874b37ce5c4e1,730,0dcd09e5-e4d5-41b7-b722-b6cb16683a50,https://zenodo.org/api/files/aa463788-ab41-4816-9818-8d526ac43ebe/processed/20200914_PM1781_B7/tiffs/20200914_PM1781-01_full.csv
data/processed/20200914_PM1781_B7/tiffs/20200914_PM1781-01_full_mask.tiff,5b285876c823203b23a0ee7259fcf177,4500270,c09651eb-087c-4753-afaa-18b68d6bbe7c,https://zenodo.org/api/files/aa463788-ab41-4816-9818-8d526ac43ebe/processed/20200914_PM1781_B7/tiffs/20200914_PM1781-01_full_mask.tiff
data/processed/20200914_PM1781_B7/tiffs/20200914_PM1781-01_full.tiff,364a8fe6c64b4b8737dfb263a2462e8b,387005596,45437caa-60e4-486d-9d5a-a4b6875d022c,https://zenodo.org/api/files/aa463788-ab41-4816-9818-8d526ac43ebe/processed/20200914_PM1781_B7/tiffs/20200914_PM1781-01_full.tiff
data/processed/20200914_PM1781_B7/tiffs/20200914_PM1781-02_full.csv,5e46f30208cf2147106874b37ce5c4e1,730,52abc3a2-0cb1-4b3b-a92b-068606c3ec89,https://zenodo.org/api/files/aa463788-ab41-4816-9818-8d526ac43ebe/processed/20200914_PM1781_B7/tiffs/20200914_PM1781-02_full.csv
data/processed/20200914_PM1781_B7/tiffs/20200914_PM1781-02_full_mask.tiff,48f68a65c64211bc4210699783171a07,2000270,c06e3e2d-43d3-4455-abca-1e890648466c,https://zenodo.org/api/files/aa463788-ab41-4816-9818-8d526ac43ebe/processed/20200914_PM1781_B7/tiffs/20200914_PM1781-02_full_mask.tiff
data/processed/20200914_PM1781_B7/tiffs/20200914_PM1781-02_full.tiff,792685708cf3d4e9231290ba4f333929,172005596,e498d34f-3342-4acc-9536-48207c1b8d15,https://zenodo.org/api/files/aa463788-ab41-4816-9818-8d526ac43ebe/processed/20200914_PM1781_B7/tiffs/20200914_PM1781-02_full.tiff
data/processed/20200914_PM1781_B7/tiffs/20200914_PM1781-03_full.csv,5e46f30208cf2147106874b37ce5c4e1,730,104d9210-2d42-463b-8937-97715febd21f,https://zenodo.org/api/files/aa463788-ab41-4816-9818-8d526ac43ebe/processed/20200914_PM1781_B7/tiffs/20200914_PM1781-03_full.csv
data/processed/20200914_PM1781_B7/tiffs/20200914_PM1781-03_full_mask.tiff,532968ec102d7dcc01a6ed517c2c445e,2880270,693e2b93-02df-486a-b9ac-38bd5a142c11,https://zenodo.org/api/files/aa463788-ab41-4816-9818-8d526ac43ebe/processed/20200914_PM1781_B7/tiffs/20200914_PM1781-03_full_mask.tiff
data/processed/20200914_PM1781_B7/tiffs/20200914_PM1781-03_full.tiff,4358ac9d78be5e9be2814cb654cddb63,247685596,566f8942-fd99-478d-a3af-8b0ac1af1e1c,https://zenodo.org/api/files/aa463788-ab41-4816-9818-8d526ac43ebe/processed/20200914_PM1781_B7/tiffs/20200914_PM1781-03_full.tiff
data/processed/20200914_PM1781_B7/tiffs/20200914_PM1781-04_full.csv,5e46f30208cf2147106874b37ce5c4e1,730,ca19d61e-1587-4dad-8645-58d5d56d508c,https://zenodo.org/api/files/aa463788-ab41-4816-9818-8d526ac43ebe/processed/20200914_PM1781_B7/tiffs/20200914_PM1781-04_full.csv
data/processed/20200914_PM1781_B7/tiffs/20200914_PM1781-04_full_mask.tiff,11bd91221d3b9b1815f7c3829be7b42e,2000270,35c0be53-4d93-417e-9974-c7a99469245b,https://zenodo.org/api/files/aa463788-ab41-4816-9818-8d526ac43ebe/processed/20200914_PM1781_B7/tiffs/20200914_PM1781-04_full_mask.tiff
data/processed/20200914_PM1781_B7/tiffs/20200914_PM1781-04_full.tiff,dcc4a33bd38018973e6bada701ad110d,172005596,1c7900af-57ca-4259-a0e2-7abb6b1d6f23,https://zenodo.org/api/files/aa463788-ab41-4816-9818-8d526ac43ebe/processed/20200914_PM1781_B7/tiffs/20200914_PM1781-04_full.tiff
data/processed/20200914_PM1781_B7/tiffs/20200914_PM1781-05_full.csv,5e46f30208cf2147106874b37ce5c4e1,730,08b1a131-7cf3-4eb4-8d0e-c067e0c1d86f,https://zenodo.org/api/files/aa463788-ab41-4816-9818-8d526ac43ebe/processed/20200914_PM1781_B7/tiffs/20200914_PM1781-05_full.csv
data/processed/20200914_PM1781_B7/tiffs/20200914_PM1781-05_full_mask.tiff,e32050edea308350f32bc28565e3e1af,2000270,0a207f0b-081c-4925-92f4-40c60edc6aa4,https://zenodo.org/api/files/aa463788-ab41-4816-9818-8d526ac43ebe/processed/20200914_PM1781_B7/tiffs/20200914_PM1781-05_full_mask.tiff
data/processed/20200914_PM1781_B7/tiffs/20200914_PM1781-05_full.tiff,f6771a0cf71a80c29da90eb270204e95,172005596,cb539c8b-3546-4d26-b738-c1f971fd0087,https://zenodo.org/api/files/aa463788-ab41-4816-9818-8d526ac43ebe/processed/20200914_PM1781_B7/tiffs/20200914_PM1781-05_full.tiff
data/processed/20200914_PM1781_B7/tiffs/20200914_PM1781-06_full.csv,5e46f30208cf2147106874b37ce5c4e1,730,8d8a9ba6-3700-4c85-a467-b7d1104d08d0,https://zenodo.org/api/files/aa463788-ab41-4816-9818-8d526ac43ebe/processed/20200914_PM1781_B7/tiffs/20200914_PM1781-06_full.csv
data/processed/20200914_PM1781_B7/tiffs/20200914_PM1781-06_full_mask.tiff,475bc34ea882077919ff93881f81de36,1620268,567f2f7b-7e6b-46ed-b333-0902420caf87,https://zenodo.org/api/files/aa463788-ab41-4816-9818-8d526ac43ebe/processed/20200914_PM1781_B7/tiffs/20200914_PM1781-06_full_mask.tiff
data/processed/20200914_PM1781_B7/tiffs/20200914_PM1781-06_full.tiff,0a81d183e9d36b23aa36e32505ead283,139325596,e80e69ff-dc6f-4b4c-b2c8-960a2f3496ac,https://zenodo.org/api/files/aa463788-ab41-4816-9818-8d526ac43ebe/processed/20200914_PM1781_B7/tiffs/20200914_PM1781-06_full.tiff
data/processed/20200914_PM1781_B7/tiffs/20200914_PM1781-07_full.csv,5e46f30208cf2147106874b37ce5c4e1,730,3c196926-8f1f-4941-855b-db006a9c748e,https://zenodo.org/api/files/aa463788-ab41-4816-9818-8d526ac43ebe/processed/20200914_PM1781_B7/tiffs/20200914_PM1781-07_full.csv
data/processed/20200914_PM1781_B7/tiffs/20200914_PM1781-07_full_mask.tiff,90a41fbca7c705ba26bffa57e2c49b61,2000270,14cfc3f9-9976-4277-8314-39ef3b346402,https://zenodo.org/api/files/aa463788-ab41-4816-9818-8d526ac43ebe/processed/20200914_PM1781_B7/tiffs/20200914_PM1781-07_full_mask.tiff
data/processed/20200914_PM1781_B7/tiffs/20200914_PM1781-07_full.tiff,aae51a84ca90d949a9f1f7f0ae086851,172005596,5fc9f77c-499a-4b18-8868-4d4e0f1b99c9,https://zenodo.org/api/files/aa463788-ab41-4816-9818-8d526ac43ebe/processed/20200914_PM1781_B7/tiffs/20200914_PM1781-07_full.tiff
data/processed/20200914_PM1781_B7/tiffs/20200914_PM1781-08_full.csv,5e46f30208cf2147106874b37ce5c4e1,730,7d4d6214-c892-48d3-a851-aeaae10fd701,https://zenodo.org/api/files/aa463788-ab41-4816-9818-8d526ac43ebe/processed/20200914_PM1781_B7/tiffs/20200914_PM1781-08_full.csv
data/processed/20200914_PM1781_B7/tiffs/20200914_PM1781-08_full_mask.tiff,5750bed83089373d480245425dcd30e4,2000270,ec2f80f9-c35a-4e52-b618-5369bbf2ad31,https://zenodo.org/api/files/aa463788-ab41-4816-9818-8d526ac43ebe/processed/20200914_PM1781_B7/tiffs/20200914_PM1781-08_full_mask.tiff
data/processed/20200914_PM1781_B7/tiffs/20200914_PM1781-08_full.tiff,1194767139ad1c2459b87535800e1bff,172005596,eaf3857c-7d1a-4374-bcab-14c2dd0d043e,https://zenodo.org/api/files/aa463788-ab41-4816-9818-8d526ac43ebe/processed/20200914_PM1781_B7/tiffs/20200914_PM1781-08_full.tiff
data/processed/20200914_PM1781_B7/tiffs/20200914_PM1781-09_full.csv,5e46f30208cf2147106874b37ce5c4e1,730,f0e243fb-d2e1-4bba-8af6-56cb7e573dbd,https://zenodo.org/api/files/aa463788-ab41-4816-9818-8d526ac43ebe/processed/20200914_PM1781_B7/tiffs/20200914_PM1781-09_full.csv
data/processed/20200914_PM1781_B7/tiffs/20200914_PM1781-09_full_mask.tiff,235633559e84f6416e145384ec77468e,1620268,00ddf74f-8aff-4ee2-817e-0848fedcd5df,https://zenodo.org/api/files/aa463788-ab41-4816-9818-8d526ac43ebe/processed/20200914_PM1781_B7/tiffs/20200914_PM1781-09_full_mask.tiff
data/processed/20200914_PM1781_B7/tiffs/20200914_PM1781-09_full.tiff,d565a9b834db457d616f2bb3a4cdf2f7,139325596,4bd5f1df-5c1e-46c9-a800-bb796b09daae,https://zenodo.org/api/files/aa463788-ab41-4816-9818-8d526ac43ebe/processed/20200914_PM1781_B7/tiffs/20200914_PM1781-09_full.tiff
data/processed/20200914_PM1781_B7/tiffs/20200914_PM1781-10_full.csv,5e46f30208cf2147106874b37ce5c4e1,730,fdb93066-096c-44b1-9cfd-218267125078,https://zenodo.org/api/files/aa463788-ab41-4816-9818-8d526ac43ebe/processed/20200914_PM1781_B7/tiffs/20200914_PM1781-10_full.csv
data/processed/20200914_PM1781_B7/tiffs/20200914_PM1781-10_full_mask.tiff,7e6741f889861f0731c77a9e9557c8be,2712563,87da415f-f6c6-4c28-a542-3c985c15f2d0,https://zenodo.org/api/files/aa463788-ab41-4816-9818-8d526ac43ebe/processed/20200914_PM1781_B7/tiffs/20200914_PM1781-10_full_mask.tiff
data/processed/20200914_PM1781_B7/tiffs/20200914_PM1781-10_full.tiff,a8c3fb562756b3e66a58aeaa7b230e69,233262880,32653f3b-ac33-4a7d-9b45-a87fd4b300ed,https://zenodo.org/api/files/aa463788-ab41-4816-9818-8d526ac43ebe/processed/20200914_PM1781_B7/tiffs/20200914_PM1781-10_full.tiff
data/processed/20200914_PM57/tiffs/20200914_PM57-01_full.csv,5e46f30208cf2147106874b37ce5c4e1,730,ec194673-5390-4f9b-b27e-36a63f86d8e4,https://zenodo.org/api/files/aa463788-ab41-4816-9818-8d526ac43ebe/processed/20200914_PM57/tiffs/20200914_PM57-01_full.csv
data/processed/20200914_PM57/tiffs/20200914_PM57-01_full_mask.tiff,2112913763ecf7bb5a0817055d957adc,5894766,572c603d-c9ec-451b-8045-3b2b402d60ad,https://zenodo.org/api/files/aa463788-ab41-4816-9818-8d526ac43ebe/processed/20200914_PM57/tiffs/20200914_PM57-01_full_mask.tiff
data/processed/20200914_PM57/tiffs/20200914_PM57-01_full.tiff,4600b0ecf3406ddb33aef866f014def4,506932252,0f64d096-00a8-47a7-82e7-8e90ef19217d,https://zenodo.org/api/files/aa463788-ab41-4816-9818-8d526ac43ebe/processed/20200914_PM57/tiffs/20200914_PM57-01_full.tiff
data/processed/20200914_PM57/tiffs/20200914_PM57-02_full.csv,5e46f30208cf2147106874b37ce5c4e1,730,0c91ded2-6d82-4227-86d4-9eb79871524e,https://zenodo.org/api/files/aa463788-ab41-4816-9818-8d526ac43ebe/processed/20200914_PM57/tiffs/20200914_PM57-02_full.csv
data/processed/20200914_PM57/tiffs/20200914_PM57-02_full_mask.tiff,9685ba7202aff0f18f29aedfeffe677c,12951846,9e0bf51b-78f8-477c-9729-8d71dc1d2512,https://zenodo.org/api/files/aa463788-ab41-4816-9818-8d526ac43ebe/processed/20200914_PM57/tiffs/20200914_PM57-02_full_mask.tiff
data/processed/20200914_PM57/tiffs/20200914_PM57-02_full.tiff,7c32cd30022f9dfc59121f47a04a65bf,1113841132,8ae1a9ad-ff96-4733-8150-7bead372a453,https://zenodo.org/api/files/aa463788-ab41-4816-9818-8d526ac43ebe/processed/20200914_PM57/tiffs/20200914_PM57-02_full.tiff
data/processed/20200914_PM57/tiffs/20200914_PM57-03_full.csv,5e46f30208cf2147106874b37ce5c4e1,730,71a35624-6dfe-47d0-a2c4-56c32e5ed80b,https://zenodo.org/api/files/aa463788-ab41-4816-9818-8d526ac43ebe/processed/20200914_PM57/tiffs/20200914_PM57-03_full.csv
data/processed/20200914_PM57/tiffs/20200914_PM57-03_full_mask.tiff,1ca77a990df2408231e2ed1a3569a173,9097138,aeef0956-b0bd-4f96-a1f3-c14b4ab5802c,https://zenodo.org/api/files/aa463788-ab41-4816-9818-8d526ac43ebe/processed/20200914_PM57/tiffs/20200914_PM57-03_full_mask.tiff
data/processed/20200914_PM57/tiffs/20200914_PM57-03_full.tiff,d748e7b6aec4ec2165bf0c7fff14450a,782336244,d34745fd-75a2-4887-a510-d344f96d1d54,https://zenodo.org/api/files/aa463788-ab41-4816-9818-8d526ac43ebe/processed/20200914_PM57/tiffs/20200914_PM57-03_full.tiff
data/processed/20200914_PM57/tiffs/20200914_PM57-04_full.csv,5e46f30208cf2147106874b37ce5c4e1,730,a603c98f-4a34-4187-8214-9677f8fbe822,https://zenodo.org/api/files/aa463788-ab41-4816-9818-8d526ac43ebe/processed/20200914_PM57/tiffs/20200914_PM57-04_full.csv
data/processed/20200914_PM57/tiffs/20200914_PM57-04_full_mask.tiff,cec469249322301b5abbfa05d1d9c380,4145054,424a8c72-aa74-4d28-8f58-9ad94371409a,https://zenodo.org/api/files/aa463788-ab41-4816-9818-8d526ac43ebe/processed/20200914_PM57/tiffs/20200914_PM57-04_full_mask.tiff
data/processed/20200914_PM57/tiffs/20200914_PM57-04_full.tiff,c1b4defc64c59dc93297fab893ee48e0,356457020,c6857474-09e5-4572-92e0-e26ed1cc307d,https://zenodo.org/api/files/aa463788-ab41-4816-9818-8d526ac43ebe/processed/20200914_PM57/tiffs/20200914_PM57-04_full.tiff
data/processed/20200914_PM57/tiffs/20200914_PM57-05_full.csv,5e46f30208cf2147106874b37ce5c4e1,730,ab247456-d181-4b3b-b584-08dee5407fd9,https://zenodo.org/api/files/aa463788-ab41-4816-9818-8d526ac43ebe/processed/20200914_PM57/tiffs/20200914_PM57-05_full.csv
data/processed/20200914_PM57/tiffs/20200914_PM57-05_full_mask.tiff,8221878e877177038d3f9c2c44e8a5a5,8606790,176af860-3f94-4bb4-8f48-d0f10e3634b4,https://zenodo.org/api/files/aa463788-ab41-4816-9818-8d526ac43ebe/processed/20200914_PM57/tiffs/20200914_PM57-05_full_mask.tiff
data/processed/20200914_PM57/tiffs/20200914_PM57-05_full.tiff,55cea35597ebc88ed79791c0fa2553d8,740166316,511e9a5b-9cba-44dc-a32b-9dcdbcc8d095,https://zenodo.org/api/files/aa463788-ab41-4816-9818-8d526ac43ebe/processed/20200914_PM57/tiffs/20200914_PM57-05_full.tiff
data/processed/20200914_PM922_A1/tiffs/20200914_PM922_A1-01_full.csv,5e46f30208cf2147106874b37ce5c4e1,730,5af36465-9ee0-4ce9-8669-a8845cd440d3,https://zenodo.org/api/files/aa463788-ab41-4816-9818-8d526ac43ebe/processed/20200914_PM922_A1/tiffs/20200914_PM922_A1-01_full.csv
data/processed/20200914_PM922_A1/tiffs/20200914_PM922_A1-01_full_mask.tiff,62ba06a356b98ccd1fabe907973dfb27,4500270,4539de27-948f-4d94-9954-975c64ddc247,https://zenodo.org/api/files/aa463788-ab41-4816-9818-8d526ac43ebe/processed/20200914_PM922_A1/tiffs/20200914_PM922_A1-01_full_mask.tiff
data/processed/20200914_PM922_A1/tiffs/20200914_PM922_A1-01_full.tiff,6f58dcad2fe20439a9783888c38f228b,387005596,71f1d9e3-3193-4ce4-a393-b46201a9c92a,https://zenodo.org/api/files/aa463788-ab41-4816-9818-8d526ac43ebe/processed/20200914_PM922_A1/tiffs/20200914_PM922_A1-01_full.tiff
data/processed/20200914_PM922_A1/tiffs/20200914_PM922_A1-02_full.csv,5e46f30208cf2147106874b37ce5c4e1,730,0958d06d-cc05-4457-91e3-80c25012adb8,https://zenodo.org/api/files/aa463788-ab41-4816-9818-8d526ac43ebe/processed/20200914_PM922_A1/tiffs/20200914_PM922_A1-02_full.csv
data/processed/20200914_PM922_A1/tiffs/20200914_PM922_A1-02_full_mask.tiff,c652a50cc7b81eb62a66db029ee6303e,2880270,de836331-86f3-4828-bd42-a31470964a7c,https://zenodo.org/api/files/aa463788-ab41-4816-9818-8d526ac43ebe/processed/20200914_PM922_A1/tiffs/20200914_PM922_A1-02_full_mask.tiff
data/processed/20200914_PM922_A1/tiffs/20200914_PM922_A1-02_full.tiff,c3418b2b504dd0e7331cc3d6d1782982,247685596,bbd269d4-02e1-4e7e-bccf-e82e2908e95b,https://zenodo.org/api/files/aa463788-ab41-4816-9818-8d526ac43ebe/processed/20200914_PM922_A1/tiffs/20200914_PM922_A1-02_full.tiff
data/processed/20200914_PM922_A1/tiffs/20200914_PM922_A1-03_full.csv,5e46f30208cf2147106874b37ce5c4e1,730,2ed89eb9-4593-4155-9d6a-51774ee5f955,https://zenodo.org/api/files/aa463788-ab41-4816-9818-8d526ac43ebe/processed/20200914_PM922_A1/tiffs/20200914_PM922_A1-03_full.csv
data/processed/20200914_PM922_A1/tiffs/20200914_PM922_A1-03_full_mask.tiff,db0366db44facfd4f39cac6d0846026b,5529750,2a1ed75b-6ae0-41ad-9ff5-e6c21d0e461d,https://zenodo.org/api/files/aa463788-ab41-4816-9818-8d526ac43ebe/processed/20200914_PM922_A1/tiffs/20200914_PM922_A1-03_full_mask.tiff
data/processed/20200914_PM922_A1/tiffs/20200914_PM922_A1-03_full.tiff,016df7750075d6c06ae6cfcdd48a4af7,475540876,d9e33974-1413-4320-9aa9-cc6c858cf6cc,https://zenodo.org/api/files/aa463788-ab41-4816-9818-8d526ac43ebe/processed/20200914_PM922_A1/tiffs/20200914_PM922_A1-03_full.tiff
data/processed/20200923_PM1781_A1/tiffs/20200923_PM1781_A1-01_full.csv,5e46f30208cf2147106874b37ce5c4e1,730,e139240a-14f5-4e00-aceb-bb2821ec2ac7,https://zenodo.org/api/files/aa463788-ab41-4816-9818-8d526ac43ebe/processed/20200923_PM1781_A1/tiffs/20200923_PM1781_A1-01_full.csv
data/processed/20200923_PM1781_A1/tiffs/20200923_PM1781_A1-01_full_mask.tiff,187b2d373aca725bcf4a801290a16560,3494664,2b4a890a-e74a-4d53-8816-30984d8d361b,https://zenodo.org/api/files/aa463788-ab41-4816-9818-8d526ac43ebe/processed/20200923_PM1781_A1/tiffs/20200923_PM1781_A1-01_full_mask.tiff
data/processed/20200923_PM1781_A1/tiffs/20200923_PM1781_A1-01_full.tiff,21452501aa8a6df2f3ea5c5a02cefd77,300523480,c55629c0-6c55-404a-81cf-c2c0d9cfbb43,https://zenodo.org/api/files/aa463788-ab41-4816-9818-8d526ac43ebe/processed/20200923_PM1781_A1/tiffs/20200923_PM1781_A1-01_full.tiff
data/processed/20200923_PM1781_A1/tiffs/20200923_PM1781_A1-02_full.csv,5e46f30208cf2147106874b37ce5c4e1,730,3e8fff0b-b24c-459b-baf1-63bb4dd9d1d5,https://zenodo.org/api/files/aa463788-ab41-4816-9818-8d526ac43ebe/processed/20200923_PM1781_A1/tiffs/20200923_PM1781_A1-02_full.csv
data/processed/20200923_PM1781_A1/tiffs/20200923_PM1781_A1-02_full_mask.tiff,65a5df33c1c4cabcee3a74fff2cec45b,5027110,f42ec272-6ca5-45b8-9ed7-34158669bf00,https://zenodo.org/api/files/aa463788-ab41-4816-9818-8d526ac43ebe/processed/20200923_PM1781_A1/tiffs/20200923_PM1781_A1-02_full_mask.tiff
data/processed/20200923_PM1781_A1/tiffs/20200923_PM1781_A1-02_full.tiff,ab9db9bd36f1d5c464db10acceec6265,432313836,c7bf53d1-33b3-4f3b-9cc9-d75d6afbfcc6,https://zenodo.org/api/files/aa463788-ab41-4816-9818-8d526ac43ebe/processed/20200923_PM1781_A1/tiffs/20200923_PM1781_A1-02_full.tiff
data/processed/20200923_PM1781_A1/tiffs/20200923_PM1781_A1-03_full.csv,5e46f30208cf2147106874b37ce5c4e1,730,0fa9154d-6ed6-4702-81d1-3e71e226c49f,https://zenodo.org/api/files/aa463788-ab41-4816-9818-8d526ac43ebe/processed/20200923_PM1781_A1/tiffs/20200923_PM1781_A1-03_full.csv
data/processed/20200923_PM1781_A1/tiffs/20200923_PM1781_A1-03_full_mask.tiff,c0c5aa204abb6b0e40537d79cea47d0c,447377,9c68ab47-dfe2-4974-80d9-77443121ebc7,https://zenodo.org/api/files/aa463788-ab41-4816-9818-8d526ac43ebe/processed/20200923_PM1781_A1/tiffs/20200923_PM1781_A1-03_full_mask.tiff
data/processed/20200923_PM1781_A1/tiffs/20200923_PM1781_A1-03_full.tiff,de633dc9a216c432d9257d67666fd1e9,38456884,8e2c9b3f-1ae9-4894-a9c0-1024766fb08f,https://zenodo.org/api/files/aa463788-ab41-4816-9818-8d526ac43ebe/processed/20200923_PM1781_A1/tiffs/20200923_PM1781_A1-03_full.tiff
data/processed/20200923_PM1781_A1/tiffs/20200923_PM1781_A1-04_full.csv,5e46f30208cf2147106874b37ce5c4e1,730,c3c071fa-5592-48b8-b59c-b46802b1808c,https://zenodo.org/api/files/aa463788-ab41-4816-9818-8d526ac43ebe/processed/20200923_PM1781_A1/tiffs/20200923_PM1781_A1-04_full.csv
data/processed/20200923_PM1781_A1/tiffs/20200923_PM1781_A1-04_full_mask.tiff,540ad465eeb21c2c4199b4b7cd9e6adb,3642458,0e0b74b8-8a65-402c-be0f-3173d8fea9e8,https://zenodo.org/api/files/aa463788-ab41-4816-9818-8d526ac43ebe/processed/20200923_PM1781_A1/tiffs/20200923_PM1781_A1-04_full_mask.tiff
data/processed/20200923_PM1781_A1/tiffs/20200923_PM1781_A1-04_full.tiff,1600df7d9a22eaf8f8e7c5a25c1b91ec,313233764,46bfa28e-b885-4f88-96e8-40b782d7d393,https://zenodo.org/api/files/aa463788-ab41-4816-9818-8d526ac43ebe/processed/20200923_PM1781_A1/tiffs/20200923_PM1781_A1-04_full.tiff
data/processed/20200923_PM1781_A1/tiffs/20200923_PM1781_A1-05_full.csv,5e46f30208cf2147106874b37ce5c4e1,730,d89baa69-5e24-4798-ab86-acb8fbbf9da2,https://zenodo.org/api/files/aa463788-ab41-4816-9818-8d526ac43ebe/processed/20200923_PM1781_A1/tiffs/20200923_PM1781_A1-05_full.csv
data/processed/20200923_PM1781_A1/tiffs/20200923_PM1781_A1-05_full_mask.tiff,4cfb222663178f61d445a6899dca3220,5427270,8f5a8bf8-aed2-4014-a379-55c75a151b37,https://zenodo.org/api/files/aa463788-ab41-4816-9818-8d526ac43ebe/processed/20200923_PM1781_A1/tiffs/20200923_PM1781_A1-05_full_mask.tiff
data/processed/20200923_PM1781_A1/tiffs/20200923_PM1781_A1-05_full.tiff,14661e44e2722056513b70a0e53d89ff,466727596,fc8834aa-27e8-4ea2-9546-b9d854ec5b98,https://zenodo.org/api/files/aa463788-ab41-4816-9818-8d526ac43ebe/processed/20200923_PM1781_A1/tiffs/20200923_PM1781_A1-05_full.tiff
data/processed/20200923_PM1781_A1/tiffs/20200923_PM1781_A1-06_full.csv,5e46f30208cf2147106874b37ce5c4e1,730,2afd9a31-1eef-4802-9901-6d0553fe4c61,https://zenodo.org/api/files/aa463788-ab41-4816-9818-8d526ac43ebe/processed/20200923_PM1781_A1/tiffs/20200923_PM1781_A1-06_full.csv
data/processed/20200923_PM1781_A1/tiffs/20200923_PM1781_A1-06_full_mask.tiff,b51babafa2090100642c3beb33cf25df,2924750,b3f11fa8-b45d-47a7-a3bc-01d401179e7e,https://zenodo.org/api/files/aa463788-ab41-4816-9818-8d526ac43ebe/processed/20200923_PM1781_A1/tiffs/20200923_PM1781_A1-06_full_mask.tiff
data/processed/20200923_PM1781_A1/tiffs/20200923_PM1781_A1-06_full.tiff,bb59f85131837e9a9779dd5563e848ec,251510876,d582d19e-ca63-4fce-80ad-950dddc02de3,https://zenodo.org/api/files/aa463788-ab41-4816-9818-8d526ac43ebe/processed/20200923_PM1781_A1/tiffs/20200923_PM1781_A1-06_full.tiff
data/processed/20200923_PM784_A5/tiffs/20200923_PM784_A5-01_full.csv,5e46f30208cf2147106874b37ce5c4e1,730,34ef6b6b-f9e3-4763-b33d-e97159ec1ed5,https://zenodo.org/api/files/aa463788-ab41-4816-9818-8d526ac43ebe/processed/20200923_PM784_A5/tiffs/20200923_PM784_A5-01_full.csv
data/processed/20200923_PM784_A5/tiffs/20200923_PM784_A5-01_full_mask.tiff,2f89a2d162271581674a6410cff4696b,4500270,6bf65cd9-680a-4d83-8893-8fa522341541,https://zenodo.org/api/files/aa463788-ab41-4816-9818-8d526ac43ebe/processed/20200923_PM784_A5/tiffs/20200923_PM784_A5-01_full_mask.tiff
data/processed/20200923_PM784_A5/tiffs/20200923_PM784_A5-01_full.tiff,7fc0d7bf4863af6c1710b22c83ed2ea0,387005596,0cf77389-706b-421d-b876-ee9c51c36408,https://zenodo.org/api/files/aa463788-ab41-4816-9818-8d526ac43ebe/processed/20200923_PM784_A5/tiffs/20200923_PM784_A5-01_full.tiff
data/processed/20200923_PM784_A5/tiffs/20200923_PM784_A5-02_full.csv,5e46f30208cf2147106874b37ce5c4e1,730,68626763-dede-41df-b42d-36ace6500bd7,https://zenodo.org/api/files/aa463788-ab41-4816-9818-8d526ac43ebe/processed/20200923_PM784_A5/tiffs/20200923_PM784_A5-02_full.csv
data/processed/20200923_PM784_A5/tiffs/20200923_PM784_A5-02_full_mask.tiff,7df54076d21d57ada625406b28af53d9,2880270,a511ec1e-4056-460b-848a-227faf2cfe87,https://zenodo.org/api/files/aa463788-ab41-4816-9818-8d526ac43ebe/processed/20200923_PM784_A5/tiffs/20200923_PM784_A5-02_full_mask.tiff
data/processed/20200923_PM784_A5/tiffs/20200923_PM784_A5-02_full.tiff,d98a9a952ae2e8d91846e68c80e2f3d1,247685596,62cc956d-06f0-4ad8-aea6-9058df3b7bb7,https://zenodo.org/api/files/aa463788-ab41-4816-9818-8d526ac43ebe/processed/20200923_PM784_A5/tiffs/20200923_PM784_A5-02_full.tiff
data/processed/20200923_PM784_A5/tiffs/20200923_PM784_A5-03_full.csv,5e46f30208cf2147106874b37ce5c4e1,730,43d42a7f-4a17-4bec-8f50-13a2191902a5,https://zenodo.org/api/files/aa463788-ab41-4816-9818-8d526ac43ebe/processed/20200923_PM784_A5/tiffs/20200923_PM784_A5-03_full.csv
data/processed/20200923_PM784_A5/tiffs/20200923_PM784_A5-03_full_mask.tiff,cac98f79ed2c1f2342a2aaf76b3acc7f,5990232,26f49e45-f859-4ab2-af21-6134370f6606,https://zenodo.org/api/files/aa463788-ab41-4816-9818-8d526ac43ebe/processed/20200923_PM784_A5/tiffs/20200923_PM784_A5-03_full_mask.tiff
data/processed/20200923_PM784_A5/tiffs/20200923_PM784_A5-03_full.tiff,7f7bbed5aae4b0e3557fe8411d38fa4b,515144480,14e9061a-6129-48d8-b0d6-02b361f0c414,https://zenodo.org/api/files/aa463788-ab41-4816-9818-8d526ac43ebe/processed/20200923_PM784_A5/tiffs/20200923_PM784_A5-03_full.tiff
data/processed/20200923_PM784_A5/tiffs/20200923_PM784_A5-04_full.csv,5e46f30208cf2147106874b37ce5c4e1,730,4831981e-248e-4e4a-9095-a650f83f6ca3,https://zenodo.org/api/files/aa463788-ab41-4816-9818-8d526ac43ebe/processed/20200923_PM784_A5/tiffs/20200923_PM784_A5-04_full.csv
data/processed/20200923_PM784_A5/tiffs/20200923_PM784_A5-04_full_mask.tiff,0219ec0dd5a36c272625003626883d5c,3319834,14622c86-8fd7-4136-bf20-8a913f4f08a2,https://zenodo.org/api/files/aa463788-ab41-4816-9818-8d526ac43ebe/processed/20200923_PM784_A5/tiffs/20200923_PM784_A5-04_full_mask.tiff
data/processed/20200923_PM784_A5/tiffs/20200923_PM784_A5-04_full.tiff,eaeb6eb3cfb83f151d06149f021fd5dd,285488100,f67df5c9-1d0d-4407-bcad-702bd93adf67,https://zenodo.org/api/files/aa463788-ab41-4816-9818-8d526ac43ebe/processed/20200923_PM784_A5/tiffs/20200923_PM784_A5-04_full.tiff
data/processed/20200923_PM784_A5/tiffs/20200923_PM784_A5-05_full.csv,5e46f30208cf2147106874b37ce5c4e1,730,5ff8fd7e-163b-4cb8-a6a3-f63067a222cc,https://zenodo.org/api/files/aa463788-ab41-4816-9818-8d526ac43ebe/processed/20200923_PM784_A5/tiffs/20200923_PM784_A5-05_full.csv
data/processed/20200923_PM784_A5/tiffs/20200923_PM784_A5-05_full_mask.tiff,d14fbf564204a48c4825a414cc20c61e,6142310,e838db18-7f13-4595-88fe-ae077c2cb644,https://zenodo.org/api/files/aa463788-ab41-4816-9818-8d526ac43ebe/processed/20200923_PM784_A5/tiffs/20200923_PM784_A5-05_full_mask.tiff
data/processed/20200923_PM784_A5/tiffs/20200923_PM784_A5-05_full.tiff,57a35dfbddace427094e6aae768453f2,528223188,498c2c07-4878-4feb-ab51-41e442df3874,https://zenodo.org/api/files/aa463788-ab41-4816-9818-8d526ac43ebe/processed/20200923_PM784_A5/tiffs/20200923_PM784_A5-05_full.tiff
data/processed/20200923_PM784_A5/tiffs/20200923_PM784_A5-06_full.csv,5e46f30208cf2147106874b37ce5c4e1,730,831acb8d-27da-4c9f-b692-63ac555962ca,https://zenodo.org/api/files/aa463788-ab41-4816-9818-8d526ac43ebe/processed/20200923_PM784_A5/tiffs/20200923_PM784_A5-06_full.csv
data/processed/20200923_PM784_A5/tiffs/20200923_PM784_A5-06_full_mask.tiff,30746cdf7ba5262fbeccaa59c6aedc79,2880270,7680a380-0bf3-4385-a8b1-392f0a9de83c,https://zenodo.org/api/files/aa463788-ab41-4816-9818-8d526ac43ebe/processed/20200923_PM784_A5/tiffs/20200923_PM784_A5-06_full_mask.tiff
data/processed/20200923_PM784_A5/tiffs/20200923_PM784_A5-06_full.tiff,8b52b77989745af3ec1491871f90ba2c,247685596,7e39eedf-cb2d-4c54-9623-e016b6a9e77d,https://zenodo.org/api/files/aa463788-ab41-4816-9818-8d526ac43ebe/processed/20200923_PM784_A5/tiffs/20200923_PM784_A5-06_full.tiff
data/processed/20200923_PM784_A5/tiffs/20200923_PM784_A5-07_full.csv,5e46f30208cf2147106874b37ce5c4e1,730,9b0899b2-8eea-40dd-9dad-77bec47b52bb,https://zenodo.org/api/files/aa463788-ab41-4816-9818-8d526ac43ebe/processed/20200923_PM784_A5/tiffs/20200923_PM784_A5-07_full.csv
data/processed/20200923_PM784_A5/tiffs/20200923_PM784_A5-07_full_mask.tiff,33a3a18a6e9743b06b5e09ecb7dac69a,5625270,b91994af-aa71-42d9-baca-8b6f6b06adf1,https://zenodo.org/api/files/aa463788-ab41-4816-9818-8d526ac43ebe/processed/20200923_PM784_A5/tiffs/20200923_PM784_A5-07_full_mask.tiff
data/processed/20200923_PM784_A5/tiffs/20200923_PM784_A5-07_full.tiff,97c4eb6eadd55e3353090614842262ec,483757748,b1e1982e-a064-40af-b3cb-f7ff9b9a8877,https://zenodo.org/api/files/aa463788-ab41-4816-9818-8d526ac43ebe/processed/20200923_PM784_A5/tiffs/20200923_PM784_A5-07_full.tiff
data/processed/20200923_PM784_A5/tiffs/20200923_PM784_A5-08_full.csv,5e46f30208cf2147106874b37ce5c4e1,730,624ab01d-5c87-46f7-a26c-948ec5f011de,https://zenodo.org/api/files/aa463788-ab41-4816-9818-8d526ac43ebe/processed/20200923_PM784_A5/tiffs/20200923_PM784_A5-08_full.csv
data/processed/20200923_PM784_A5/tiffs/20200923_PM784_A5-08_full_mask.tiff,fb3ad91e59040037e11abf8e1fc9973c,1296669,306fa634-63ec-447c-9364-08d1f007d989,https://zenodo.org/api/files/aa463788-ab41-4816-9818-8d526ac43ebe/processed/20200923_PM784_A5/tiffs/20200923_PM784_A5-08_full_mask.tiff
data/processed/20200923_PM784_A5/tiffs/20200923_PM784_A5-08_full.tiff,a68c2bae95c89e3f60e38f2969e6673f,111495996,ed168c76-010d-485c-b669-20010f7182cf,https://zenodo.org/api/files/aa463788-ab41-4816-9818-8d526ac43ebe/processed/20200923_PM784_A5/tiffs/20200923_PM784_A5-08_full.tiff
data/processed/20200923_PM784_A5/tiffs/20200923_PM784_A5-09_full.csv,5e46f30208cf2147106874b37ce5c4e1,730,1362e96b-3f37-406a-9855-74bce3bcb52f,https://zenodo.org/api/files/aa463788-ab41-4816-9818-8d526ac43ebe/processed/20200923_PM784_A5/tiffs/20200923_PM784_A5-09_full.csv
data/processed/20200923_PM784_A5/tiffs/20200923_PM784_A5-09_full_mask.tiff,c8342b0f4a5b2be4244e3e74e7aef1a1,2621069,56f58836-3c32-48e0-9de3-6d0df520b506,https://zenodo.org/api/files/aa463788-ab41-4816-9818-8d526ac43ebe/processed/20200923_PM784_A5/tiffs/20200923_PM784_A5-09_full_mask.tiff
data/processed/20200923_PM784_A5/tiffs/20200923_PM784_A5-09_full.tiff,c327eb44f5eb607653153c90816b84ca,225396548,0e451577-3698-49db-9730-7411184a7e39,https://zenodo.org/api/files/aa463788-ab41-4816-9818-8d526ac43ebe/processed/20200923_PM784_A5/tiffs/20200923_PM784_A5-09_full.tiff
data/processed/20201001_PM1123_A11/tiffs/20201001_PM1123_A11-01_full.csv,5e46f30208cf2147106874b37ce5c4e1,730,aebcd2a2-3390-48e8-a533-0d746b0aef91,https://zenodo.org/api/files/aa463788-ab41-4816-9818-8d526ac43ebe/processed/20201001_PM1123_A11/tiffs/20201001_PM1123_A11-01_full.csv
data/processed/20201001_PM1123_A11/tiffs/20201001_PM1123_A11-01_full_mask.tiff,2e8c94229e2daecc2e192bd3206dced3,6197102,eac0cbc6-7881-4c26-b790-9a2807ba30b2,https://zenodo.org/api/files/aa463788-ab41-4816-9818-8d526ac43ebe/processed/20201001_PM1123_A11/tiffs/20201001_PM1123_A11-01_full_mask.tiff
data/processed/20201001_PM1123_A11/tiffs/20201001_PM1123_A11-01_full.tiff,9aeaea1300f707f0dd8f8e0cbe830486,532935300,3fe15a74-4bf0-4096-b4cb-0c70b0d50360,https://zenodo.org/api/files/aa463788-ab41-4816-9818-8d526ac43ebe/processed/20201001_PM1123_A11/tiffs/20201001_PM1123_A11-01_full.tiff
data/processed/20201001_PM923_A2/tiffs/20201001_PM923_A2-01_full.csv,5e46f30208cf2147106874b37ce5c4e1,730,8c807b93-78cd-4326-813c-2167dc1fac3d,https://zenodo.org/api/files/aa463788-ab41-4816-9818-8d526ac43ebe/processed/20201001_PM923_A2/tiffs/20201001_PM923_A2-01_full.csv
data/processed/20201001_PM923_A2/tiffs/20201001_PM923_A2-01_full_mask.tiff,a2192c30965b88d057383a75b5d34700,266380,f35277c9-0abb-426a-8661-b59dcc10d98a,https://zenodo.org/api/files/aa463788-ab41-4816-9818-8d526ac43ebe/processed/20201001_PM923_A2/tiffs/20201001_PM923_A2-01_full_mask.tiff
data/processed/20201001_PM923_A2/tiffs/20201001_PM923_A2-01_full.tiff,444b22a009942a35623ea63ffc7291ec,22891228,ab34c28b-2b76-456a-98b3-8068e598d210,https://zenodo.org/api/files/aa463788-ab41-4816-9818-8d526ac43ebe/processed/20201001_PM923_A2/tiffs/20201001_PM923_A2-01_full.tiff
data/processed/20201001_PM923_A2/tiffs/20201001_PM923_A2-02_full.csv,5e46f30208cf2147106874b37ce5c4e1,730,31d53bd5-ea8d-4ea9-a3c1-bdbfa883f52b,https://zenodo.org/api/files/aa463788-ab41-4816-9818-8d526ac43ebe/processed/20201001_PM923_A2/tiffs/20201001_PM923_A2-02_full.csv
data/processed/20201001_PM923_A2/tiffs/20201001_PM923_A2-02_full_mask.tiff,87562968ffcef734c1e9c26e7d61b14f,293534,50537523-d468-494d-9abb-50716720364e,https://zenodo.org/api/files/aa463788-ab41-4816-9818-8d526ac43ebe/processed/20201001_PM923_A2/tiffs/20201001_PM923_A2-02_full_mask.tiff
data/processed/20201001_PM923_A2/tiffs/20201001_PM923_A2-02_full.tiff,f74075a6e1d7549aead7143508264f48,25226472,6d019deb-59d7-488b-b3e9-870297fd20d4,https://zenodo.org/api/files/aa463788-ab41-4816-9818-8d526ac43ebe/processed/20201001_PM923_A2/tiffs/20201001_PM923_A2-02_full.tiff
data/processed/20201001_PM923_A2/tiffs/20201001_PM923_A2-03_full.csv,5e46f30208cf2147106874b37ce5c4e1,730,d2b77bb4-dfc5-4f32-a7f2-204fafd229a2,https://zenodo.org/api/files/aa463788-ab41-4816-9818-8d526ac43ebe/processed/20201001_PM923_A2/tiffs/20201001_PM923_A2-03_full.csv
data/processed/20201001_PM923_A2/tiffs/20201001_PM923_A2-03_full_mask.tiff,8d27b0435ad3b811a3e4a9093534cd34,539188,26805087-3894-4148-ab8a-4a5379e666d2,https://zenodo.org/api/files/aa463788-ab41-4816-9818-8d526ac43ebe/processed/20201001_PM923_A2/tiffs/20201001_PM923_A2-03_full_mask.tiff
data/processed/20201001_PM923_A2/tiffs/20201001_PM923_A2-03_full.tiff,4f76b6c5cae0eaabddaa6f009735d083,46352716,9fdda11d-8d4f-4c98-acc4-8f3ed494c8cc,https://zenodo.org/api/files/aa463788-ab41-4816-9818-8d526ac43ebe/processed/20201001_PM923_A2/tiffs/20201001_PM923_A2-03_full.tiff
data/processed/20210309_PM249_9/tiffs/20210309_PM249_9-01_full.csv,5e46f30208cf2147106874b37ce5c4e1,730,93873540-1568-4e39-9913-72e855b352fc,https://zenodo.org/api/files/aa463788-ab41-4816-9818-8d526ac43ebe/processed/20210309_PM249_9/tiffs/20210309_PM249_9-01_full.csv
data/processed/20210309_PM249_9/tiffs/20210309_PM249_9-01_full_mask.tiff,81023046c7a951ede65d1e3e41734eed,1962341,5b65f1ce-54b9-4449-9779-665c3e048033,https://zenodo.org/api/files/aa463788-ab41-4816-9818-8d526ac43ebe/processed/20210309_PM249_9/tiffs/20210309_PM249_9-01_full_mask.tiff
data/processed/20210309_PM249_9/tiffs/20210309_PM249_9-01_full.tiff,ef96cefc9e1e453a9939bf44f7df1d3b,168745988,ff5a7c9c-7e91-49b8-ab94-bf3c4f2bd644,https://zenodo.org/api/files/aa463788-ab41-4816-9818-8d526ac43ebe/processed/20210309_PM249_9/tiffs/20210309_PM249_9-01_full.tiff
data/processed/20210309_PM249_9/tiffs/20210309_PM249_9-02_full.csv,5e46f30208cf2147106874b37ce5c4e1,730,67c1918f-7391-4e54-a9cd-7122176ab2d6,https://zenodo.org/api/files/aa463788-ab41-4816-9818-8d526ac43ebe/processed/20210309_PM249_9/tiffs/20210309_PM249_9-02_full.csv
data/processed/20210309_PM249_9/tiffs/20210309_PM249_9-02_full_mask.tiff,2e55c2989098cab0201903a46ccf9f43,1447865,7e39e4f9-5ebc-4375-84e5-43ee9ed51b06,https://zenodo.org/api/files/aa463788-ab41-4816-9818-8d526ac43ebe/processed/20210309_PM249_9/tiffs/20210309_PM249_9-02_full_mask.tiff
data/processed/20210309_PM249_9/tiffs/20210309_PM249_9-02_full.tiff,5a2da5cf12a98600ac40595968465f81,124501052,d0066cb5-ef1c-445d-9e45-02aefe13820b,https://zenodo.org/api/files/aa463788-ab41-4816-9818-8d526ac43ebe/processed/20210309_PM249_9/tiffs/20210309_PM249_9-02_full.tiff
data/processed/20210310_PM249_D6/tiffs/20210310_PM249_D6-01_full.csv,5e46f30208cf2147106874b37ce5c4e1,730,c2a4e0b4-d25c-40c4-845a-dadf4c5f9951,https://zenodo.org/api/files/aa463788-ab41-4816-9818-8d526ac43ebe/processed/20210310_PM249_D6/tiffs/20210310_PM249_D6-01_full.csv
data/processed/20210310_PM249_D6/tiffs/20210310_PM249_D6-01_full_mask.tiff,37262c2cb474087fe1c3439dc16a8709,5513592,ded0373f-3468-452a-b1ae-46bbba1a7efc,https://zenodo.org/api/files/aa463788-ab41-4816-9818-8d526ac43ebe/processed/20210310_PM249_D6/tiffs/20210310_PM249_D6-01_full_mask.tiff
data/processed/20210310_PM249_D6/tiffs/20210310_PM249_D6-01_full.tiff,8401724d91c71a4f1fcbf0fd3853cfe9,474153488,425d8892-9edc-4022-be50-c41de3a37f20,https://zenodo.org/api/files/aa463788-ab41-4816-9818-8d526ac43ebe/processed/20210310_PM249_D6/tiffs/20210310_PM249_D6-01_full.tiff
data/processed/20210310_PM249_D6/tiffs/20210310_PM249_D6-02_full.csv,5e46f30208cf2147106874b37ce5c4e1,730,144cff59-3d4c-4918-8f7f-6416d246645a,https://zenodo.org/api/files/aa463788-ab41-4816-9818-8d526ac43ebe/processed/20210310_PM249_D6/tiffs/20210310_PM249_D6-02_full.csv
data/processed/20210310_PM249_D6/tiffs/20210310_PM249_D6-02_full_mask.tiff,8787a1b5e8e4af14a440dc410932764d,2000270,8a6448d8-9d51-45f5-bf62-f71ccbfa1c01,https://zenodo.org/api/files/aa463788-ab41-4816-9818-8d526ac43ebe/processed/20210310_PM249_D6/tiffs/20210310_PM249_D6-02_full_mask.tiff
data/processed/20210310_PM249_D6/tiffs/20210310_PM249_D6-02_full.tiff,224b109f54ab0e30d734fa41ae0eb5f0,172007796,49089383-dee3-41e3-9265-d0ee1e67e2d1,https://zenodo.org/api/files/aa463788-ab41-4816-9818-8d526ac43ebe/processed/20210310_PM249_D6/tiffs/20210310_PM249_D6-02_full.tiff
data/processed/20210310_PM249_D6/tiffs/20210310_PM249_D6-03_full.csv,5e46f30208cf2147106874b37ce5c4e1,730,3f1fcfb8-5615-4f0f-bd73-715facac0f19,https://zenodo.org/api/files/aa463788-ab41-4816-9818-8d526ac43ebe/processed/20210310_PM249_D6/tiffs/20210310_PM249_D6-03_full.csv
data/processed/20210310_PM249_D6/tiffs/20210310_PM249_D6-03_full_mask.tiff,8a2a76ec3106692c96d93dce0082367b,5036202,6b149435-878e-450b-ba71-356e9f16c40e,https://zenodo.org/api/files/aa463788-ab41-4816-9818-8d526ac43ebe/processed/20210310_PM249_D6/tiffs/20210310_PM249_D6-03_full_mask.tiff
data/processed/20210310_PM249_D6/tiffs/20210310_PM249_D6-03_full.tiff,64d5410a994fd7b821d00038248d8738,433097948,b1030fc0-6d8f-44ac-85ac-2f1481ce7a42,https://zenodo.org/api/files/aa463788-ab41-4816-9818-8d526ac43ebe/processed/20210310_PM249_D6/tiffs/20210310_PM249_D6-03_full.tiff
data/processed/20210310_PM57_B8/tiffs/20210310_PM57_B8-01_full.csv,5e46f30208cf2147106874b37ce5c4e1,730,75660399-5c28-406e-8a7c-afbc7689a9ee,https://zenodo.org/api/files/aa463788-ab41-4816-9818-8d526ac43ebe/processed/20210310_PM57_B8/tiffs/20210310_PM57_B8-01_full.csv
data/processed/20210310_PM57_B8/tiffs/20210310_PM57_B8-01_full_mask.tiff,39f1e4dabe82fa81a64dcfb6381bb2da,4699272,071cff00-9362-4303-af70-03022f53531a,https://zenodo.org/api/files/aa463788-ab41-4816-9818-8d526ac43ebe/processed/20210310_PM57_B8/tiffs/20210310_PM57_B8-01_full_mask.tiff
data/processed/20210310_PM57_B8/tiffs/20210310_PM57_B8-01_full.tiff,020268d3d0c7441f5334e3055dedf0cb,404121968,86e22d02-c5f9-41e4-8ba4-c20d0514321b,https://zenodo.org/api/files/aa463788-ab41-4816-9818-8d526ac43ebe/processed/20210310_PM57_B8/tiffs/20210310_PM57_B8-01_full.tiff
data/processed/20210310_PM57_B8/tiffs/20210310_PM57_B8-02_full.csv,5e46f30208cf2147106874b37ce5c4e1,730,b3c249a7-0c9f-4fb7-9fcc-21030006812d,https://zenodo.org/api/files/aa463788-ab41-4816-9818-8d526ac43ebe/processed/20210310_PM57_B8/tiffs/20210310_PM57_B8-02_full.csv
data/processed/20210310_PM57_B8/tiffs/20210310_PM57_B8-02_full_mask.tiff,65fc0de8442df3b7259c868f56da0f0c,2000270,c322d3e9-2cbf-48ad-830c-e51a78f2284b,https://zenodo.org/api/files/aa463788-ab41-4816-9818-8d526ac43ebe/processed/20210310_PM57_B8/tiffs/20210310_PM57_B8-02_full_mask.tiff
data/processed/20210310_PM57_B8/tiffs/20210310_PM57_B8-02_full.tiff,631923d2ba0a422db1ea478a0f9cc5b7,172007796,63aa4a8d-4280-4a26-b1fe-35d08a29d7c8,https://zenodo.org/api/files/aa463788-ab41-4816-9818-8d526ac43ebe/processed/20210310_PM57_B8/tiffs/20210310_PM57_B8-02_full.tiff
